Series number;"Timestamp,""Total score"",""1. Wat is uw leeftijdscategorie?"",""1. Wat is uw leeftijdscategorie? [Score]"",""1. Wat is uw leeftijdscategorie? [Feedback]"",""2. Wat is uw geslacht?"",""2. Wat is uw geslacht? [Score]"",""2. Wat is uw geslacht? [Feedback]"",""3. Wat is uw hoogste afgeronde opleiding?"",""3. Wat is uw hoogste afgeronde opleiding? [Score]"",""3. Wat is uw hoogste afgeronde opleiding? [Feedback]"",""4. In welk land heeft u het grootste deel van uw leven gewoond?"",""4. In welk land heeft u het grootste deel van uw leven gewoond? [Score]"",""4. In welk land heeft u het grootste deel van uw leven gewoond? [Feedback]"",""5. Welke categorie (hieronder vermeld) beschrijft het vakgebied waarin uw hoofzakelijk werkzaam bent het beste? "",""5. Welke categorie (hieronder vermeld) beschrijft het vakgebied waarin uw hoofzakelijk werkzaam bent het beste?  [Score]"",""5. Welke categorie (hieronder vermeld) beschrijft het vakgebied waarin uw hoofzakelijk werkzaam bent het beste?  [Feedback]"",""6. Hoe goed begrijpt u het begrip """"gezichts-herkenning"""""",""6. Hoe goed begrijpt u het begrip """"gezichts-herkenning"""" [Score]"",""6. Hoe goed begrijpt u het begrip """"gezichts-herkenning"""" [Feedback]"",""7. Hoe bent u bekend geworden met gezichtsherkenningstechnologie? (Kruis alles aanwat voor u van toepassing is)"",""7. Hoe bent u bekend geworden met gezichtsherkenningstechnologie? (Kruis alles aanwat voor u van toepassing is) [Score]"",""7. Hoe bent u bekend geworden met gezichtsherkenningstechnologie? (Kruis alles aanwat voor u van toepassing is) [Feedback]"",""8. Hoe heeft u uw mobiele telefoon beveiligd om te ontsluiten? (Kruis alles aan wat voor u van toepassing is)"",""8. Hoe heeft u uw mobiele telefoon beveiligd om te ontsluiten? (Kruis alles aan wat voor u van toepassing is) [Score]"",""8. Hoe heeft u uw mobiele telefoon beveiligd om te ontsluiten? (Kruis alles aan wat voor u van toepassing is) [Feedback]"",""9. Wat zou voor u de belangrijkste reden zijn om FaceID te gebruiken om uw mobiele telefoon te ontsluiten?"",""9. Wat zou voor u de belangrijkste reden zijn om FaceID te gebruiken om uw mobiele telefoon te ontsluiten? [Score]"",""9. Wat zou voor u de belangrijkste reden zijn om FaceID te gebruiken om uw mobiele telefoon te ontsluiten? [Feedback]"",""10. Wat zou voor u de belangrijkste reden zijn om FaceID NIET te gebruiken om uw telefoon te ontsluiten?"",""10. Wat zou voor u de belangrijkste reden zijn om FaceID NIET te gebruiken om uw telefoon te ontsluiten? [Score]"",""10. Wat zou voor u de belangrijkste reden zijn om FaceID NIET te gebruiken om uw telefoon te ontsluiten? [Feedback]"",""11. Hoe bekend bent u  met het gebruik van gezichtsherkennings-technologie door de overheid van uw land?"",""11. Hoe bekend bent u  met het gebruik van gezichtsherkennings-technologie door de overheid van uw land? [Score]"",""11. Hoe bekend bent u  met het gebruik van gezichtsherkennings-technologie door de overheid van uw land? [Feedback]"",""12. In hoeverre bent u het eens met de stelling """"Mensen moeten de  kans krijgen om hun toestemming te verlenen of te weigeren alvorens aan gezichtsherkennings-technologie te worden onderworpen""""?"",""12. In hoeverre bent u het eens met de stelling """"Mensen moeten de  kans krijgen om hun toestemming te verlenen of te weigeren alvorens aan gezichtsherkennings-technologie te worden onderworpen""""? [Score]"",""12. In hoeverre bent u het eens met de stelling """"Mensen moeten de  kans krijgen om hun toestemming te verlenen of te weigeren alvorens aan gezichtsherkennings-technologie te worden onderworpen""""? [Feedback]"",""13. Op een schaal van 1 tot 5, waar 1 is vind ik totaal niet en 5 vind ik zeer, in hoeverre vindt u dat het gebruik van gezichtsherkennings-technologie een inbreuk is op uw privacy? "",""13. Op een schaal van 1 tot 5, waar 1 is vind ik totaal niet en 5 vind ik zeer, in hoeverre vindt u dat het gebruik van gezichtsherkennings-technologie een inbreuk is op uw privacy?  [Score]"",""13. Op een schaal van 1 tot 5, waar 1 is vind ik totaal niet en 5 vind ik zeer, in hoeverre vindt u dat het gebruik van gezichtsherkennings-technologie een inbreuk is op uw privacy?  [Feedback]"",""14. In hoeverre bent u het eens met het gebruik van gezichtsherkennings-technologie voor de volgende doeleinden? [Door de politie in strafrechtzaken]"",""14. In hoeverre bent u het eens met het gebruik van gezichtsherkennings-technologie voor de volgende doeleinden? [Door de politie in strafrechtzaken] [Score]"",""14. In hoeverre bent u het eens met het gebruik van gezichtsherkennings-technologie voor de volgende doeleinden? [Door de politie in het dagelijks politiewerk]"",""14. In hoeverre bent u het eens met het gebruik van gezichtsherkennings-technologie voor de volgende doeleinden? [Door de politie in het dagelijks politiewerk] [Score]"",""14. In hoeverre bent u het eens met het gebruik van gezichtsherkennings-technologie voor de volgende doeleinden? [Op mobiele telefoons voor het ontsluiten van de mobiel op basis van het gezicht van de eigenaar]"",""14. In hoeverre bent u het eens met het gebruik van gezichtsherkennings-technologie voor de volgende doeleinden? [Op mobiele telefoons voor het ontsluiten van de mobiel op basis van het gezicht van de eigenaar] [Score]"",""14. In hoeverre bent u het eens met het gebruik van gezichtsherkennings-technologie voor de volgende doeleinden? [In veiligheid checkpoint van luchthavens]"",""14. In hoeverre bent u het eens met het gebruik van gezichtsherkennings-technologie voor de volgende doeleinden? [In veiligheid checkpoint van luchthavens] [Score]"",""14. In hoeverre bent u het eens met het gebruik van gezichtsherkennings-technologie voor de volgende doeleinden? [In supermarkten om te controleren of iemand oud genoeg is om alcoholhoudende drank te kopen]"",""14. In hoeverre bent u het eens met het gebruik van gezichtsherkennings-technologie voor de volgende doeleinden? [In supermarkten om te controleren of iemand oud genoeg is om alcoholhoudende drank te kopen] [Score]"",""14. In hoeverre bent u het eens met het gebruik van gezichtsherkennings-technologie voor de volgende doeleinden? [In supermarkten om het koopgedrag van een klant te volgen en produkt-aabevelingen te doen aan klanten]"",""14. In hoeverre bent u het eens met het gebruik van gezichtsherkennings-technologie voor de volgende doeleinden? [In supermarkten om het koopgedrag van een klant te volgen en produkt-aabevelingen te doen aan klanten] [Score]"",""14. In hoeverre bent u het eens met het gebruik van gezichtsherkennings-technologie voor de volgende doeleinden? [In scholen om leerlingen te registreren en aanwezigheid te controleren]"",""14. In hoeverre bent u het eens met het gebruik van gezichtsherkennings-technologie voor de volgende doeleinden? [In scholen om leerlingen te registreren en aanwezigheid te controleren] [Score]"",""14. In hoeverre bent u het eens met het gebruik van gezichtsherkennings-technologie voor de volgende doeleinden? [In scholen om uitdrukkingen en gedrag van  leerlingen in de gaten te houden]"",""14. In hoeverre bent u het eens met het gebruik van gezichtsherkennings-technologie voor de volgende doeleinden? [In scholen om uitdrukkingen en gedrag van  leerlingen in de gaten te houden] [Score]"",""14. In hoeverre bent u het eens met het gebruik van gezichtsherkennings-technologie voor de volgende doeleinden? [In scholen om te voorkomen dat niet-studenten op het schoolterrein komen]"",""14. In hoeverre bent u het eens met het gebruik van gezichtsherkennings-technologie voor de volgende doeleinden? [In scholen om te voorkomen dat niet-studenten op het schoolterrein komen] [Score]"",""14. In hoeverre bent u het eens met het gebruik van gezichtsherkennings-technologie voor de volgende doeleinden? [In het openbaar vervoer om betalende passagiers toegang te verlenen bij toegangspoortjes]"",""14. In hoeverre bent u het eens met het gebruik van gezichtsherkennings-technologie voor de volgende doeleinden? [In het openbaar vervoer om betalende passagiers toegang te verlenen bij toegangspoortjes] [Score]"",""14. In hoeverre bent u het eens met het gebruik van gezichtsherkennings-technologie voor de volgende doeleinden? [In het openbaar vervoer om personen te identificeren die gezocht worden door de politie]"",""14. In hoeverre bent u het eens met het gebruik van gezichtsherkennings-technologie voor de volgende doeleinden? [In het openbaar vervoer om personen te identificeren die gezocht worden door de politie] [Score]"",""14. In hoeverre bent u het eens met het gebruik van gezichtsherkennings-technologie voor de volgende doeleinden? [Op het werk om te controleren of werknemers geen toegang hebben tot onbevoegde  of onveilige gebieden (bouwlaatsen)]"",""14. In hoeverre bent u het eens met het gebruik van gezichtsherkennings-technologie voor de volgende doeleinden? [Op het werk om te controleren of werknemers geen toegang hebben tot onbevoegde  of onveilige gebieden (bouwlaatsen)] [Score]"",""14. In hoeverre bent u het eens met het gebruik van gezichtsherkennings-technologie voor de volgende doeleinden? [Op het werk om bij aannemen van personeel te controleren op persoonljkheidskenmerken en insteling van kandidaten]"",""14. In hoeverre bent u het eens met het gebruik van gezichtsherkennings-technologie voor de volgende doeleinden? [Op het werk om bij aannemen van personeel te controleren op persoonljkheidskenmerken en insteling van kandidaten] [Score]"",""14. In hoeverre bent u het eens met het gebruik van gezichtsherkennings-technologie voor de volgende doeleinden? [Bij grote evenementen waar veel mensen bijeenkomen, zoals sportevenementen, concerten]"",""14. In hoeverre bent u het eens met het gebruik van gezichtsherkennings-technologie voor de volgende doeleinden? [Bij grote evenementen waar veel mensen bijeenkomen, zoals sportevenementen, concerten] [Score]"",""14. In hoeverre bent u het eens met het gebruik van gezichtsherkennings-technologie voor de volgende doeleinden? [In appartementgebouwen ter identificering van bewoners]"",""14. In hoeverre bent u het eens met het gebruik van gezichtsherkennings-technologie voor de volgende doeleinden? [In appartementgebouwen ter identificering van bewoners] [Score]"",""15. Op een schaal van 1 tot 5, waar 1 is volledig acceptabel  en 5 totaal niet acceptabel, hoe acceptabel vindt u het dat de politie gebruik maakt van gezichtsherkennings-technologie?"",""15. Op een schaal van 1 tot 5, waar 1 is volledig acceptabel  en 5 totaal niet acceptabel, hoe acceptabel vindt u het dat de politie gebruik maakt van gezichtsherkennings-technologie? [Score]"",""15. Op een schaal van 1 tot 5, waar 1 is volledig acceptabel  en 5 totaal niet acceptabel, hoe acceptabel vindt u het dat de politie gebruik maakt van gezichtsherkennings-technologie? [Feedback]"",""16. Bent u het eens dat de politie gebruik moet gaan maken van gezichtsherkennings-technologie voor een betere dienstverlening aan het publiek?"",""16. Bent u het eens dat de politie gebruik moet gaan maken van gezichtsherkennings-technologie voor een betere dienstverlening aan het publiek? [Score]"",""16. Bent u het eens dat de politie gebruik moet gaan maken van gezichtsherkennings-technologie voor een betere dienstverlening aan het publiek? [Feedback]"",""17. Redenen voor het EENS zijn met het gebruik door de politie van gezichtsherkennings-technologie: (kruis alles aan wat voor u van toepassing is)"",""17. Redenen voor het EENS zijn met het gebruik door de politie van gezichtsherkennings-technologie: (kruis alles aan wat voor u van toepassing is) [Score]"",""17. Redenen voor het EENS zijn met het gebruik door de politie van gezichtsherkennings-technologie: (kruis alles aan wat voor u van toepassing is) [Feedback]"",""18. Redenen voor het  NIET EENS zijn met het gebruik door de politie van gezichtsherkenningstechnologie: (kruis alles aan wat voor u van toepassing is)"",""18. Redenen voor het  NIET EENS zijn met het gebruik door de politie van gezichtsherkenningstechnologie: (kruis alles aan wat voor u van toepassing is) [Score]"",""18. Redenen voor het  NIET EENS zijn met het gebruik door de politie van gezichtsherkenningstechnologie: (kruis alles aan wat voor u van toepassing is) [Feedback]"",""19. Zou u zich veiliger voelen als gezichtsherkennings-technologie werd toegevoegd aan bewakingscamera's in de plaats waar u woont?"",""19. Zou u zich veiliger voelen als gezichtsherkennings-technologie werd toegevoegd aan bewakingscamera's in de plaats waar u woont? [Score]"",""19. Zou u zich veiliger voelen als gezichtsherkennings-technologie werd toegevoegd aan bewakingscamera's in de plaats waar u woont? [Feedback]"",""20. Bent u het eens dat gezichtsherkennings-technologie kan helpen wetsovertreders efficiënter te identificeren in de plaats waar u woont?"",""20. Bent u het eens dat gezichtsherkennings-technologie kan helpen wetsovertreders efficiënter te identificeren in de plaats waar u woont? [Score]"",""20. Bent u het eens dat gezichtsherkennings-technologie kan helpen wetsovertreders efficiënter te identificeren in de plaats waar u woont? [Feedback]"",""21. Bent u het eens dat gezichtsherkenningtechnologie kan helpen om misdaden te voorkomen in de plaats waar u woont?"",""21. Bent u het eens dat gezichtsherkenningtechnologie kan helpen om misdaden te voorkomen in de plaats waar u woont? [Score]"",""21. Bent u het eens dat gezichtsherkenningtechnologie kan helpen om misdaden te voorkomen in de plaats waar u woont? [Feedback]"",""22. Bent u het eens dat gezichtsherkenningstechnologie terroristen zal tegenhouden in de plaats waar u woont?"",""22. Bent u het eens dat gezichtsherkenningstechnologie terroristen zal tegenhouden in de plaats waar u woont? [Score]"",""22. Bent u het eens dat gezichtsherkenningstechnologie terroristen zal tegenhouden in de plaats waar u woont? [Feedback]"",""23. Bent u het eens met het gebruik van gezichtsherkenningstechnologie als bewijsmateriaal om misdadigers te berechten?"",""23. Bent u het eens met het gebruik van gezichtsherkenningstechnologie als bewijsmateriaal om misdadigers te berechten? [Score]"",""23. Bent u het eens met het gebruik van gezichtsherkenningstechnologie als bewijsmateriaal om misdadigers te berechten? [Feedback]"",""24. Ben u ervan overtuigd dat de overheid gezichtsherkenningstechnologie inzet zonder het publiek in te lichten?"",""24. Ben u ervan overtuigd dat de overheid gezichtsherkenningstechnologie inzet zonder het publiek in te lichten? [Score]"",""24. Ben u ervan overtuigd dat de overheid gezichtsherkenningstechnologie inzet zonder het publiek in te lichten? [Feedback]"",""25. Hoe heeft infomatie over  gezichtsherkennings-technologie uw oordeel over het gebruik van deze technologie beïnvloed?"",""25. Hoe heeft infomatie over  gezichtsherkennings-technologie uw oordeel over het gebruik van deze technologie beïnvloed? [Score]"",""25. Hoe heeft infomatie over  gezichtsherkennings-technologie uw oordeel over het gebruik van deze technologie beïnvloed? [Feedback]"",""26. Denkt u dat gezichtsherkennings-technologie in de komende 10 jaar meer uitgebreid zal worden toegepast in bewakingscamera's?"",""26. Denkt u dat gezichtsherkennings-technologie in de komende 10 jaar meer uitgebreid zal worden toegepast in bewakingscamera's? [Score]"",""26. Denkt u dat gezichtsherkennings-technologie in de komende 10 jaar meer uitgebreid zal worden toegepast in bewakingscamera's? [Feedback]"",""27. Geef hieronder uw opmerkingen die u met ons wilt delen:"",""27. Geef hieronder uw opmerkingen die u met ons wilt delen: [Score]"",""27. Geef hieronder uw opmerkingen die u met ons wilt delen: [Feedback]""";;;;;;;;;;;;
237;"2019/10/31 1:24:43 pm CET,""0.00 / 0"",""61-70"",""-- / 0"","""",""Man"",""-- / 0"","""",""Master (doctorandus) of gelijkwaardig"",""-- / 0"","""",""Nederland"",""-- / 0"","""",""Wet & Juridische dienst"",""-- / 0"","""",""Enigszins"",""-- / 0"","""",""Internet"",""-- / 0"","""",""Wachtwoorden"",""-- / 0"","""",""IK weet niet zeker"",""-- / 0"","""",""Minde rbetrouwbaar"",""-- / 0"","""",""Neutraal"",""-- / 0"","""",""Mee eens"",""-- / 0"","""",""4"",""-- / 0"","""",""Volledig mee eens"",""-- / 0"",""Mee oneens"",""-- / 0"",""Volledig mee eens"",""-- / 0"",""Mee eens"",""-- / 0"",""Volledig mee oneens"",""-- / 0"",""Volledig mee oneens"",""-- / 0"",""Volledig mee oneens"",""-- / 0"",""Volledig mee oneens"",""-- / 0"",""Mee oneens"",""-- / 0"",""Neutraal"",""-- / 0"",""Mee oneens"",""-- / 0"",""Mee oneens"",""-- / 0"",""Volledig mee eens"",""-- / 0"",""Volledig mee eens"",""-- / 0"",""Volledig mee eens"",""-- / 0"",""2"",""-- / 0"","""",""Neutraal"",""-- / 0"","""",""Het is een aanvulling op bestaande bewakingssystemen (zoals bewakingscamera's en andere)";"Ik kan mijn toestemming verlenen of weigeren"",""-- / 0"","""",""Het maakt inbreuk op de privacy van mensen in de samenleving";Het normaliseert het gebruik van bewaking;Ik kan er niet voor kiezen om toestemming te velenen of te weigeren;"Het kan worden gebruikt om te discrimineren naar bijvoorbeeld ras of geslacht"",""-- / 0"","""",""Nee"",""-- / 0"","""",""Neutraal"",""-- / 0"","""",""Neutraal"",""-- / 0"","""",""Mee oneens"",""-- / 0"","""",""Neutraal"",""-- / 0"","""",""Ben ik sterk van overtuigd"",""-- / 0"","""",""Het heeft geen invloed gehad op mijn oordeel"",""-- / 0"","""",""Ben ik van overtuigd"",""-- / 0"","""","""",""-- / 0"",""""";;;;;;;;
238;"2019/10/31 3:04:10 pm CET,""0.00 / 0"",""51-60"",""-- / 0"","""",""Man"",""-- / 0"","""",""Bachelor (kandidaats) of gelijkwaardig"",""-- / 0"","""",""Nederland"",""-- / 0"","""",""Onderneming & FInanciële Zaken & Verzekeringen"",""-- / 0"","""",""Enigszins"",""-- / 0"","""",""Gesprekken met anderen"",""-- / 0"","""",""Wachtwoorden";Vingerafdruk;"FaceID"",""-- / 0"","""",""Veiliger"",""-- / 0"","""",""Ik weet niet zeker"",""-- / 0"","""",""Neutraal"",""-- / 0"","""",""Mee eens"",""-- / 0"","""",""3"",""-- / 0"","""",""Volledig mee eens"",""-- / 0"",""Volledig mee eens"",""-- / 0"",""Mee eens"",""-- / 0"",""Volledig mee eens"",""-- / 0"",""Neutraal"",""-- / 0"",""Volledig mee oneens"",""-- / 0"",""Neutraal"",""-- / 0"",""Neutraal"",""-- / 0"",""Mee eens"",""-- / 0"",""Neutraal"",""-- / 0"",""Volledig mee eens"",""-- / 0"",""Neutraal"",""-- / 0"",""Neutraal"",""-- / 0"",""Mee eens"",""-- / 0"",""Mee eens"",""-- / 0"",""1"",""-- / 0"","""",""Mee eens"",""-- / 0"","""",""Het draagt bij aan de veiligheid van de samenleving";Het draagt bij aan mijn persoonlijke veiligheid;Het is een aanvulling op bestaande bewakingssystemen (zoals bewakingscamera's en andere);Ik kan mijn toestemming verlenen of weigeren;Ik vertrouw er op dat ze de technologie op ethische wijze zullen gebruiken;Het discrimeert niet naar ras of geslacht;Het is nauwkeurig;Het is betrouwbaar;"Het raakt mij niet persoonlijk"",""-- / 0"","""",""Geen van de bovenstaande"",""-- / 0"","""",""Ja"",""-- / 0"","""",""Volledig mee eens"",""-- / 0"","""",""Mee eens"",""-- / 0"","""",""Neutraal"",""-- / 0"","""",""Volledig mee eens"",""-- / 0"","""",""Ben ik van overtuigd"",""-- / 0"","""",""Ik denk nu iets positiever over het gebruik van gezichtsherkennings-technologie"",""-- / 0"","""",""Ben ik sterk van overtuigd"",""-- / 0"","""","""",""-- / 0"",""""";;
239;"2019/10/31 3:29:46 pm CET,""0.00 / 0"",""18-30"",""-- / 0"","""",""Man"",""-- / 0"","""",""Bachelor (kandidaats) of gelijkwaardig"",""-- / 0"","""",""Nederland"",""-- / 0"","""",""Computerwetenschap & Informatietechnologie"",""-- / 0"","""",""Volledig"",""-- / 0"","""",""Gedrukte pers (kranten/tijdschriften)";Internet;"Wetenschappelijke artikelen/rapporten"",""-- / 0"","""",""Patroon-herkenning"",""-- / 0"","""",""Sneller"",""-- / 0"","""",""Anders (specificeer) __________________________"",""-- / 0"","""",""Nauwelijks bekend"",""-- / 0"","""",""Volledig mee eens"",""-- / 0"","""",""3"",""-- / 0"","""",""Mee eens"",""-- / 0"",""Neutraal"",""-- / 0"",""Mee eens"",""-- / 0"",""Neutraal"",""-- / 0"",""Volledig mee oneens"",""-- / 0"",""Volledig mee oneens"",""-- / 0"",""Volledig mee oneens"",""-- / 0"",""Volledig mee oneens"",""-- / 0"",""Volledig mee oneens"",""-- / 0"",""Mee oneens"",""-- / 0"",""Neutraal"",""-- / 0"",""Mee oneens"",""-- / 0"",""Mee oneens"",""-- / 0"",""Mee oneens"",""-- / 0"",""Mee oneens"",""-- / 0"",""2"",""-- / 0"","""",""Neutraal"",""-- / 0"","""",""Het is een aanvulling op bestaande bewakingssystemen (zoals bewakingscamera's en andere)";Ik vertrouw er op dat ze de technologie op ethische wijze zullen gebruiken;Het is nauwkeurig;"Het is betrouwbaar"",""-- / 0"","""",""Het maakt inbreuk op de privacy van mensen in de samenleving";Het normaliseert het gebruik van bewaking;Ik kan er niet voor kiezen om toestemming te velenen of te weigeren;"Het zal verkeerd worden gebruikt of gehackt"",""-- / 0"","""",""Ik weet het niet zeker"",""-- / 0"","""",""Neutraal"",""-- / 0"","""",""Neutraal"",""-- / 0"","""",""Neutraal"",""-- / 0"","""",""Mee eens"",""-- / 0"","""",""Geloof ik niet"",""-- / 0"","""",""Het heeft geen invloed gehad op mijn oordeel"",""-- / 0"","""",""Ben ik van overtuigd"",""-- / 0"","""","""",""-- / 0"",""""";;;;
240;"2019/10/31 6:17:10 pm CET,""0.00 / 0"",""18-30"",""-- / 0"","""",""Man"",""-- / 0"","""",""Anders (specificeer) _________________________"",""-- / 0"","""",""Nederland"",""-- / 0"","""",""Landbouw & Bosbouw & VIsserij & Mijnbouw & Vastgoed"",""-- / 0"","""",""Volledig"",""-- / 0"","""",""Internet"",""-- / 0"","""",""Wachtwoorden";"Vingerafdruk"",""-- / 0"","""",""Gemakkelijker"",""-- / 0"","""",""Minde betrouwbaar"",""-- / 0"","""",""Volledig bekend"",""-- / 0"","""",""Volledig mee eens"",""-- / 0"","""",""3"",""-- / 0"","""",""Volledig mee eens"",""-- / 0"",""Volledig mee eens"",""-- / 0"",""Volledig mee eens"",""-- / 0"",""Volledig mee eens"",""-- / 0"",""Volledig mee eens"",""-- / 0"",""Volledig mee eens"",""-- / 0"",""Volledig mee eens"",""-- / 0"",""Volledig mee eens"",""-- / 0"",""Volledig mee eens"",""-- / 0"",""Volledig mee eens"",""-- / 0"",""Volledig mee eens"",""-- / 0"",""Volledig mee eens"",""-- / 0"",""Volledig mee eens"",""-- / 0"",""Volledig mee eens"",""-- / 0"",""Volledig mee eens"",""-- / 0"",""3"",""-- / 0"","""",""Neutraal"",""-- / 0"","""",""Het is een aanvulling op bestaande bewakingssystemen (zoals bewakingscamera's en andere)"",""-- / 0"","""",""Ik kan er niet voor kiezen om toestemming te velenen of te weigeren"",""-- / 0"","""",""Ja"",""-- / 0"","""",""Volledig mee eens"",""-- / 0"","""",""Volledig mee eens"",""-- / 0"","""",""Volledig mee eens"",""-- / 0"","""",""Volledig mee eens"",""-- / 0"","""",""Ben ik van overtuigd"",""-- / 0"","""",""Ik denk nu iets positiever over het gebruik van gezichtsherkennings-technologie"",""-- / 0"","""",""Ben ik sterk van overtuigd"",""-- / 0"","""","""",""-- / 0"",""""";;;;;;;;;;;
241;"2019/10/31 6:48:15 pm CET,""0.00 / 0"",""51-60"",""-- / 0"","""",""Man"",""-- / 0"","""",""Master (doctorandus) of gelijkwaardig"",""-- / 0"","""",""Nederland"",""-- / 0"","""",""Onderneming & FInanciële Zaken & Verzekeringen"",""-- / 0"","""",""Volledig"",""-- / 0"","""",""Internet";"Gesprekken met anderen"",""-- / 0"","""",""Wachtwoorden";"FaceID"",""-- / 0"","""",""Gemakkelijker"",""-- / 0"","""",""Minder veilig"",""-- / 0"","""",""Enigszins bekend"",""-- / 0"","""",""Mee oneens"",""-- / 0"","""",""1"",""-- / 0"","""",""Volledig mee eens"",""-- / 0"",""Volledig mee eens"",""-- / 0"",""Volledig mee eens"",""-- / 0"",""Volledig mee eens"",""-- / 0"",""Mee eens"",""-- / 0"",""Volledig mee oneens"",""-- / 0"",""Neutraal"",""-- / 0"",""Neutraal"",""-- / 0"",""Mee eens"",""-- / 0"",""Volledig mee eens"",""-- / 0"",""Volledig mee eens"",""-- / 0"",""Mee eens"",""-- / 0"",""Neutraal"",""-- / 0"",""Volledig mee eens"",""-- / 0"",""Volledig mee eens"",""-- / 0"",""1"",""-- / 0"","""",""Volledig mee eens"",""-- / 0"","""",""Het draagt bij aan de veiligheid van de samenleving";Het draagt bij aan mijn persoonlijke veiligheid;"Het is een aanvulling op bestaande bewakingssystemen (zoals bewakingscamera's en andere)"",""-- / 0"","""",""Geen van de bovenstaande"",""-- / 0"","""",""Ja"",""-- / 0"","""",""Volledig mee eens"",""-- / 0"","""",""Mee oneens"",""-- / 0"","""",""Mee oneens"",""-- / 0"","""",""Volledig mee eens"",""-- / 0"","""",""Neutraal"",""-- / 0"","""",""Ik denk nu zeer positief over het gebruik van gezichtsherkennings-technologie"",""-- / 0"","""",""Ben ik sterk van overtuigd"",""-- / 0"","""","""",""-- / 0"",""""";;;;;;;;
242;"2019/10/31 7:08:41 pm CET,""0.00 / 0"",""41-50"",""-- / 0"","""",""Man"",""-- / 0"","""",""Anders (specificeer) _________________________"",""-- / 0"","""",""Nederland"",""-- / 0"","""",""Anders (specificeer) __________________________"",""-- / 0"","""",""Enigszins"",""-- / 0"","""",""Gedrukte pers (kranten/tijdschriften)";Internet;"Wetenschappelijke artikelen/rapporten"",""-- / 0"","""",""Wachtwoorden";Vingerafdruk;"Anders (specificeer) __________________________"",""-- / 0"","""",""IK weet niet zeker"",""-- / 0"","""",""Minde betrouwbaar"",""-- / 0"","""",""Neutraal"",""-- / 0"","""",""Volledig mee eens"",""-- / 0"","""",""5"",""-- / 0"","""",""Volledig mee eens"",""-- / 0"",""Mee oneens"",""-- / 0"",""Mee eens"",""-- / 0"",""Volledig mee eens"",""-- / 0"",""Mee oneens"",""-- / 0"",""Volledig mee oneens"",""-- / 0"",""Neutraal"",""-- / 0"",""Volledig mee oneens"",""-- / 0"",""Volledig mee oneens"",""-- / 0"",""Mee oneens"",""-- / 0"",""Volledig mee eens"",""-- / 0"",""Mee oneens"",""-- / 0"",""Volledig mee oneens"",""-- / 0"",""Mee oneens"",""-- / 0"",""Volledig mee eens"",""-- / 0"",""3"",""-- / 0"","""",""Neutraal"",""-- / 0"","""",""Het draagt bij aan mijn persoonlijke veiligheid";Ik vertrouw er op dat ze de technologie op ethische wijze zullen gebruiken;"Ik weet het niet"",""-- / 0"","""",""Het maakt inbreuk op de privacy van mensen in de samenleving";Het normaliseert het gebruik van bewaking;Ik kan er niet voor kiezen om toestemming te velenen of te weigeren;Ik vertrouw er niet op dat ze de technologie op ethische wijze zullen gebruiken;Het maakt inbreuk op mijn persoonlijke privacy;Het zal verkeerd worden gebruikt of gehackt;"Het kan worden gebruikt om te discrimineren naar bijvoorbeeld ras of geslacht"",""-- / 0"","""",""Ik weet het niet zeker"",""-- / 0"","""",""Mee eens"",""-- / 0"","""",""Neutraal"",""-- / 0"","""",""Neutraal"",""-- / 0"","""",""Mee eens"",""-- / 0"","""",""Ben ik van overtuigd"",""-- / 0"","""",""Ik denk nu iets negatiever over het gebruik van gezichtsherkenningstechnologie"",""-- / 0"","""",""Ben ik sterk van overtuigd"",""-- / 0"","""","""",""-- / 0"","""""
243;"2019/10/31 7:11:36 pm CET,""0.00 / 0"",""51-60"",""-- / 0"","""",""Man"",""-- / 0"","""",""Voortgezet onderwijs"",""-- / 0"","""",""Nederland"",""-- / 0"","""",""Zeg ik liever niet"",""-- / 0"","""",""Volledig"",""-- / 0"","""",""Internet"",""-- / 0"","""",""Patroon-herkenning"",""-- / 0"","""",""IK weet niet zeker"",""-- / 0"","""",""Ik weet niet zeker"",""-- / 0"","""",""Volledig bekend"",""-- / 0"","""",""Volledig mee eens"",""-- / 0"","""",""3"",""-- / 0"","""",""Neutraal"",""-- / 0"",""Neutraal"",""-- / 0"",""Neutraal"",""-- / 0"",""Mee eens"",""-- / 0"",""Neutraal"",""-- / 0"",""Neutraal"",""-- / 0"",""Mee eens"",""-- / 0"",""Mee eens"",""-- / 0"",""Mee eens"",""-- / 0"",""Mee eens"",""-- / 0"",""Mee eens"",""-- / 0"",""Mee eens"",""-- / 0"",""Mee eens"",""-- / 0"",""Mee eens"",""-- / 0"",""Mee eens"",""-- / 0"",""4"",""-- / 0"","""",""Mee eens"",""-- / 0"","""",""Het draagt bij aan de veiligheid van de samenleving";Ik kan mijn toestemming verlenen of weigeren;"Het zal niet verkeerd worden gebruikt of gehackt"",""-- / 0"","""",""Het maakt inbreuk op mijn persoonlijke privacy"",""-- / 0"","""",""Ik weet het niet zeker"",""-- / 0"","""",""Mee eens"",""-- / 0"","""",""Mee eens"",""-- / 0"","""",""Mee eens"",""-- / 0"","""",""Mee eens"",""-- / 0"","""",""Ben ik van overtuigd"",""-- / 0"","""",""Ik denk nu iets positiever over het gebruik van gezichtsherkennings-technologie"",""-- / 0"","""",""Ben ik van overtuigd"",""-- / 0"","""","""",""-- / 0"",""""";;;;;;;;;;
244;"2019/10/31 7:12:13 pm CET,""0.00 / 0"",""18-30"",""-- / 0"","""",""Vrouw"",""-- / 0"","""",""Bachelor (kandidaats) of gelijkwaardig"",""-- / 0"","""",""Nederland"",""-- / 0"","""",""Journalisme & Media"",""-- / 0"","""",""Enigszins"",""-- / 0"","""",""Gedrukte pers (kranten/tijdschriften)";"Internet"",""-- / 0"","""",""Wachtwoorden";"Vingerafdruk"",""-- / 0"","""",""Sneller"",""-- / 0"","""",""Moeilijker"",""-- / 0"","""",""Nauwelijks bekend"",""-- / 0"","""",""Mee eens"",""-- / 0"","""",""3"",""-- / 0"","""",""Volledig mee eens"",""-- / 0"",""Volledig mee eens"",""-- / 0"",""Mee eens"",""-- / 0"",""Volledig mee eens"",""-- / 0"",""Mee eens"",""-- / 0"",""Neutraal"",""-- / 0"",""Volledig mee oneens"",""-- / 0"",""Volledig mee oneens"",""-- / 0"",""Mee oneens"",""-- / 0"",""Mee oneens"",""-- / 0"",""Mee eens"",""-- / 0"",""Mee oneens"",""-- / 0"",""Volledig mee oneens"",""-- / 0"",""Neutraal"",""-- / 0"",""Mee oneens"",""-- / 0"",""1"",""-- / 0"","""",""Volledig mee eens"",""-- / 0"","""",""Het draagt bij aan de veiligheid van de samenleving";Het draagt bij aan mijn persoonlijke veiligheid;Het is een aanvulling op bestaande bewakingssystemen (zoals bewakingscamera's en andere);Ik vertrouw er op dat ze de technologie op ethische wijze zullen gebruiken;"Het discrimeert niet naar ras of geslacht"",""-- / 0"","""",""Het maakt inbreuk op de privacy van mensen in de samenleving"",""-- / 0"","""",""Ik weet het niet zeker"",""-- / 0"","""",""Mee eens"",""-- / 0"","""",""Mee eens"",""-- / 0"","""",""Mee eens"",""-- / 0"","""",""Volledig mee eens"",""-- / 0"","""",""Neutraal"",""-- / 0"","""",""Het heeft geen invloed gehad op mijn oordeel"",""-- / 0"","""",""Ben ik sterk van overtuigd"",""-- / 0"","""","""",""-- / 0"",""""";;;;;;
245;"2019/10/31 7:16:25 pm CET,""0.00 / 0"",""51-60"",""-- / 0"","""",""Vrouw"",""-- / 0"","""",""Voortgezet onderwijs"",""-- / 0"","""",""Nederland"",""-- / 0"","""",""Anders (specificeer) __________________________"",""-- / 0"","""",""Volledig"",""-- / 0"","""",""Gedrukte pers (kranten/tijdschriften)";Internet;"Gesprekken met anderen"",""-- / 0"","""",""Patroon-herkenning";"Vingerafdruk"",""-- / 0"","""",""Veiliger"",""-- / 0"","""",""Moeilijker"",""-- / 0"","""",""Nauwelijks bekend"",""-- / 0"","""",""Mee eens"",""-- / 0"","""",""5"",""-- / 0"","""",""Volledig mee eens"",""-- / 0"",""Mee eens"",""-- / 0"",""Neutraal"",""-- / 0"",""Neutraal"",""-- / 0"",""Mee oneens"",""-- / 0"",""Mee oneens"",""-- / 0"",""Mee oneens"",""-- / 0"",""Neutraal"",""-- / 0"",""Mee eens"",""-- / 0"",""Mee oneens"",""-- / 0"",""Neutraal"",""-- / 0"",""Neutraal"",""-- / 0"",""Mee oneens"",""-- / 0"",""Mee oneens"",""-- / 0"",""Mee oneens"",""-- / 0"",""3"",""-- / 0"","""",""Neutraal"",""-- / 0"","""",""Het is een aanvulling op bestaande bewakingssystemen (zoals bewakingscamera's en andere)";"Ik vertrouw er op dat ze de technologie op ethische wijze zullen gebruiken"",""-- / 0"","""",""Het maakt inbreuk op de privacy van mensen in de samenleving";"Het maakt inbreuk op mijn persoonlijke privacy"",""-- / 0"","""",""Ik weet het niet zeker"",""-- / 0"","""",""Mee eens"",""-- / 0"","""",""Mee eens"",""-- / 0"","""",""Mee eens"",""-- / 0"","""",""Mee eens"",""-- / 0"","""",""Ben ik sterk van overtuigd"",""-- / 0"","""",""Het heeft geen invloed gehad op mijn oordeel"",""-- / 0"","""",""Ben ik van overtuigd"",""-- / 0"","""","""",""-- / 0"",""""";;;;;;;
246;"2019/10/31 7:17:13 pm CET,""0.00 / 0"",""18-30"",""-- / 0"","""",""Vrouw"",""-- / 0"","""",""Bachelor (kandidaats) of gelijkwaardig"",""-- / 0"","""",""Nederland"",""-- / 0"","""",""Computerwetenschap & Informatietechnologie"",""-- / 0"","""",""Volledig"",""-- / 0"","""",""Klas op school/universiteit"",""-- / 0"","""",""Ik gebruik geen beveiligingsmethode"",""-- / 0"","""",""IK weet niet zeker"",""-- / 0"","""",""Minder veilig"",""-- / 0"","""",""Totaal onbekend"",""-- / 0"","""",""Mee oneens"",""-- / 0"","""",""3"",""-- / 0"","""",""Volledig mee eens"",""-- / 0"",""Volledig mee eens"",""-- / 0"",""Volledig mee oneens"",""-- / 0"",""Mee oneens"",""-- / 0"",""Mee oneens"",""-- / 0"",""Volledig mee oneens"",""-- / 0"",""Volledig mee oneens"",""-- / 0"",""Volledig mee oneens"",""-- / 0"",""Neutraal"",""-- / 0"",""Mee oneens"",""-- / 0"",""Volledig mee eens"",""-- / 0"",""Volledig mee oneens"",""-- / 0"",""Volledig mee oneens"",""-- / 0"",""Volledig mee oneens"",""-- / 0"",""Volledig mee oneens"",""-- / 0"",""2"",""-- / 0"","""",""Mee eens"",""-- / 0"","""",""Het draagt bij aan de veiligheid van de samenleving";Het draagt bij aan mijn persoonlijke veiligheid;"Het is een aanvulling op bestaande bewakingssystemen (zoals bewakingscamera's en andere)"",""-- / 0"","""",""Het maakt inbreuk op de privacy van mensen in de samenleving";Het maakt inbreuk op mijn persoonlijke privacy;Het zal verkeerd worden gebruikt of gehackt;"Het kan worden gebruikt om te discrimineren naar bijvoorbeeld ras of geslacht"",""-- / 0"","""",""Ik weet het niet zeker"",""-- / 0"","""",""Mee eens"",""-- / 0"","""",""Mee eens"",""-- / 0"","""",""Neutraal"",""-- / 0"","""",""Mee eens"",""-- / 0"","""",""Ben ik van overtuigd"",""-- / 0"","""",""Ik denk nu iets negatiever over het gebruik van gezichtsherkenningstechnologie"",""-- / 0"","""",""Ben ik van overtuigd"",""-- / 0"","""","""",""-- / 0"",""""";;;;;;;
247;"2019/10/31 7:18:31 pm CET,""0.00 / 0"",""41-50"",""-- / 0"","""",""Man"",""-- / 0"","""",""Bachelor (kandidaats) of gelijkwaardig"",""-- / 0"","""",""Nederland"",""-- / 0"","""",""Kunst & Entertainment & Recreatie"",""-- / 0"","""",""Volledig"",""-- / 0"","""",""Gedrukte pers (kranten/tijdschriften)";Internet;"Gesprekken met anderen"",""-- / 0"","""",""Wachtwoorden";"Vingerafdruk"",""-- / 0"","""",""Meer nauwkeurig"",""-- / 0"","""",""Ik weet niet zeker"",""-- / 0"","""",""Enigszins bekend"",""-- / 0"","""",""Mee eens"",""-- / 0"","""",""3"",""-- / 0"","""",""Mee eens"",""-- / 0"",""Mee eens"",""-- / 0"",""Mee eens"",""-- / 0"",""Mee eens"",""-- / 0"",""Neutraal"",""-- / 0"",""Mee oneens"",""-- / 0"",""Neutraal"",""-- / 0"",""Neutraal"",""-- / 0"",""Neutraal"",""-- / 0"",""Mee eens"",""-- / 0"",""Mee eens"",""-- / 0"",""Neutraal"",""-- / 0"",""Mee oneens"",""-- / 0"",""Neutraal"",""-- / 0"",""Mee eens"",""-- / 0"",""4"",""-- / 0"","""",""Mee eens"",""-- / 0"","""",""Het draagt bij aan de veiligheid van de samenleving";Het draagt bij aan mijn persoonlijke veiligheid;Het is een aanvulling op bestaande bewakingssystemen (zoals bewakingscamera's en andere);Ik vertrouw er op dat ze de technologie op ethische wijze zullen gebruiken;"Het raakt mij niet persoonlijk"",""-- / 0"","""",""Het normaliseert het gebruik van bewaking";Ik kan er niet voor kiezen om toestemming te velenen of te weigeren;Het zal verkeerd worden gebruikt of gehackt;"Het kan worden gebruikt om te discrimineren naar bijvoorbeeld ras of geslacht"",""-- / 0"","""",""Ik weet het niet zeker"",""-- / 0"","""",""Mee eens"",""-- / 0"","""",""Neutraal"",""-- / 0"","""",""Mee eens"",""-- / 0"","""",""Mee eens"",""-- / 0"","""",""Neutraal"",""-- / 0"","""",""Het heeft geen invloed gehad op mijn oordeel"",""-- / 0"","""",""Ben ik van overtuigd"",""-- / 0"","""","""",""-- / 0"",""""";;
248;"2019/10/31 7:29:11 pm CET,""0.00 / 0"",""41-50"",""-- / 0"","""",""Vrouw"",""-- / 0"","""",""Voortgezet onderwijs"",""-- / 0"","""",""Nederland"",""-- / 0"","""",""Anders (specificeer) __________________________"",""-- / 0"","""",""Enigszins"",""-- / 0"","""",""Gedrukte pers (kranten/tijdschriften)";"Gesprekken met anderen"",""-- / 0"","""",""Vegen (swipen)";Wachtwoorden;Patroon-herkenning;"Vingerafdruk"",""-- / 0"","""",""Gemakkelijker"",""-- / 0"","""",""Moeilijker"",""-- / 0"","""",""Nauwelijks bekend"",""-- / 0"","""",""Volledig mee eens"",""-- / 0"","""",""2"",""-- / 0"","""",""Volledig mee eens"",""-- / 0"",""Volledig mee eens"",""-- / 0"",""Volledig mee eens"",""-- / 0"",""Volledig mee eens"",""-- / 0"",""Mee eens"",""-- / 0"",""Mee eens"",""-- / 0"",""Mee eens"",""-- / 0"",""Mee eens"",""-- / 0"",""Mee eens"",""-- / 0"",""Mee eens"",""-- / 0"",""Mee eens"",""-- / 0"",""Mee eens"",""-- / 0"",""Mee eens"",""-- / 0"",""Mee eens"",""-- / 0"",""Mee eens"",""-- / 0"",""1"",""-- / 0"","""",""Mee eens"",""-- / 0"","""",""Het draagt bij aan de veiligheid van de samenleving";Het draagt bij aan mijn persoonlijke veiligheid;Het is een aanvulling op bestaande bewakingssystemen (zoals bewakingscamera's en andere);Ik kan mijn toestemming verlenen of weigeren;Ik vertrouw er op dat ze de technologie op ethische wijze zullen gebruiken;Het discrimeert niet naar ras of geslacht;Het is nauwkeurig;"Het is betrouwbaar"",""-- / 0"","""",""Ik kan er niet voor kiezen om toestemming te velenen of te weigeren";"Het zal verkeerd worden gebruikt of gehackt"",""-- / 0"","""",""Ja"",""-- / 0"","""",""Volledig mee eens"",""-- / 0"","""",""Volledig mee eens"",""-- / 0"","""",""Mee eens"",""-- / 0"","""",""Volledig mee eens"",""-- / 0"","""",""Ben ik van overtuigd"",""-- / 0"","""",""Het heeft geen invloed gehad op mijn oordeel"",""-- / 0"","""",""Ben ik sterk van overtuigd"",""-- / 0"","""","""",""-- / 0"","""""
249;"2019/10/31 8:05:15 pm CET,""0.00 / 0"",""51-60"",""-- / 0"","""",""Man"",""-- / 0"","""",""Voortgezet onderwijs"",""-- / 0"","""",""Nederland"",""-- / 0"","""",""Overheid & Publieke dienst"",""-- / 0"","""",""Enigszins"",""-- / 0"","""",""Gedrukte pers (kranten/tijdschriften)";"Internet"",""-- / 0"","""",""Vingerafdruk"",""-- / 0"","""",""IK weet niet zeker"",""-- / 0"","""",""Ik weet niet zeker"",""-- / 0"","""",""Totaal onbekend"",""-- / 0"","""",""Neutraal"",""-- / 0"","""",""2"",""-- / 0"","""",""Volledig mee eens"",""-- / 0"",""Mee eens"",""-- / 0"",""Volledig mee eens"",""-- / 0"",""Mee eens"",""-- / 0"",""Mee oneens"",""-- / 0"",""Volledig mee oneens"",""-- / 0"",""Mee oneens"",""-- / 0"",""Mee oneens"",""-- / 0"",""Neutraal"",""-- / 0"",""Neutraal"",""-- / 0"",""Volledig mee eens"",""-- / 0"",""Neutraal"",""-- / 0"",""Volledig mee oneens"",""-- / 0"",""Neutraal"",""-- / 0"",""Mee oneens"",""-- / 0"",""2"",""-- / 0"","""",""Neutraal"",""-- / 0"","""",""Het draagt bij aan de veiligheid van de samenleving";Het is een aanvulling op bestaande bewakingssystemen (zoals bewakingscamera's en andere);Ik kan mijn toestemming verlenen of weigeren;Ik vertrouw er op dat ze de technologie op ethische wijze zullen gebruiken;Het is nauwkeurig;"Het raakt mij niet persoonlijk"",""-- / 0"","""",""Het maakt inbreuk op de privacy van mensen in de samenleving";Het normaliseert het gebruik van bewaking;"Het kan worden gebruikt om te discrimineren naar bijvoorbeeld ras of geslacht"",""-- / 0"","""",""Ik weet het niet zeker"",""-- / 0"","""",""Mee eens"",""-- / 0"","""",""Mee eens"",""-- / 0"","""",""Mee eens"",""-- / 0"","""",""Mee eens"",""-- / 0"","""",""Neutraal"",""-- / 0"","""",""Het heeft geen invloed gehad op mijn oordeel"",""-- / 0"","""",""Ben ik van overtuigd"",""-- / 0"","""",""Mooi dat deze technologie bestaat, maar hoop dat het niet wordt misbruikt zoals bv in China."",""-- / 0"",""""";;;;
250;"2019/10/31 8:50:02 pm CET,""0.00 / 0"",""18-30"",""-- / 0"","""",""Vrouw"",""-- / 0"","""",""Bachelor (kandidaats) of gelijkwaardig"",""-- / 0"","""",""Nederland"",""-- / 0"","""",""Anders (specificeer) __________________________"",""-- / 0"","""",""Volledig"",""-- / 0"","""",""Internet"",""-- / 0"","""",""Vegen (swipen)";Wachtwoorden;"Vingerafdruk"",""-- / 0"","""",""Sneller"",""-- / 0"","""",""Minde betrouwbaar"",""-- / 0"","""",""Volledig bekend"",""-- / 0"","""",""Mee eens"",""-- / 0"","""",""3"",""-- / 0"","""",""Mee oneens"",""-- / 0"",""Mee oneens"",""-- / 0"",""Mee eens"",""-- / 0"",""Mee oneens"",""-- / 0"",""Volledig mee oneens"",""-- / 0"",""Volledig mee oneens"",""-- / 0"",""Neutraal"",""-- / 0"",""Volledig mee oneens"",""-- / 0"",""Mee oneens"",""-- / 0"",""Mee oneens"",""-- / 0"",""Neutraal"",""-- / 0"",""Mee oneens"",""-- / 0"",""Volledig mee oneens"",""-- / 0"",""Mee oneens"",""-- / 0"",""Neutraal"",""-- / 0"",""4"",""-- / 0"","""",""Mee oneens"",""-- / 0"","""",""Het is een aanvulling op bestaande bewakingssystemen (zoals bewakingscamera's en andere)";Ik vertrouw er op dat ze de technologie op ethische wijze zullen gebruiken;Het discrimeert niet naar ras of geslacht;"Het raakt mij niet persoonlijk"",""-- / 0"","""",""Het zal verkeerd worden gebruikt of gehackt";Het is niet nauwkeurig;"Het is niet betrouwbaar"",""-- / 0"","""",""Ik weet het niet zeker"",""-- / 0"","""",""Mee eens"",""-- / 0"","""",""Mee eens"",""-- / 0"","""",""Mee oneens"",""-- / 0"","""",""Neutraal"",""-- / 0"","""",""Neutraal"",""-- / 0"","""",""Het heeft geen invloed gehad op mijn oordeel"",""-- / 0"","""",""Ben ik van overtuigd"",""-- / 0"","""",""Ik vind het verstandig als toevoeging op beveiliging maar zeker niet als enige middel i.v.m. het risico van onveiligheid/manipulatie "",""-- / 0"",""""";;;;;
251;"2019/10/31 10:14:11 pm CET,""0.00 / 0"",""51-60"",""-- / 0"","""",""Man"",""-- / 0"","""",""Bachelor (kandidaats) of gelijkwaardig"",""-- / 0"","""",""Nederland"",""-- / 0"","""",""Onderneming & FInanciële Zaken & Verzekeringen"",""-- / 0"","""",""Enigszins"",""-- / 0"","""",""Gedrukte pers (kranten/tijdschriften)";"Internet"",""-- / 0"","""",""Wachtwoorden";"Vingerafdruk"",""-- / 0"","""",""IK weet niet zeker"",""-- / 0"","""",""Minder veilig"",""-- / 0"","""",""Nauwelijks bekend"",""-- / 0"","""",""Volledig mee eens"",""-- / 0"","""",""5"",""-- / 0"","""",""Volledig mee eens"",""-- / 0"",""Mee oneens"",""-- / 0"",""Volledig mee oneens"",""-- / 0"",""Neutraal"",""-- / 0"",""Volledig mee oneens"",""-- / 0"",""Volledig mee oneens"",""-- / 0"",""Volledig mee oneens"",""-- / 0"",""Volledig mee oneens"",""-- / 0"",""Volledig mee oneens"",""-- / 0"",""Volledig mee oneens"",""-- / 0"",""Mee oneens"",""-- / 0"",""Volledig mee oneens"",""-- / 0"",""Volledig mee oneens"",""-- / 0"",""Volledig mee oneens"",""-- / 0"",""Volledig mee oneens"",""-- / 0"",""4"",""-- / 0"","""",""Mee oneens"",""-- / 0"","""",""Het draagt bij aan de veiligheid van de samenleving";Het draagt bij aan mijn persoonlijke veiligheid;"Ik kan mijn toestemming verlenen of weigeren"",""-- / 0"","""",""Anders, te weten _______________________________"",""-- / 0"","""",""Nee"",""-- / 0"","""",""Neutraal"",""-- / 0"","""",""Mee oneens"",""-- / 0"","""",""Neutraal"",""-- / 0"","""",""Neutraal"",""-- / 0"","""",""Ben ik van overtuigd"",""-- / 0"","""",""Ik denk nu iets negatiever over het gebruik van gezichtsherkenningstechnologie"",""-- / 0"","""",""Ben ik van overtuigd"",""-- / 0"","""","""",""-- / 0"",""""";;;;;;;;
252;"2019/11/01 10:46:03 am CET,""0.00 / 0"",""18-30"",""-- / 0"","""",""Man"",""-- / 0"","""",""Master (doctorandus) of gelijkwaardig"",""-- / 0"","""",""Nederland"",""-- / 0"","""",""Anders (specificeer) __________________________"",""-- / 0"","""",""Neutraal"",""-- / 0"","""",""Internet";Gesprekken met anderen;"Klas op school/universiteit"",""-- / 0"","""",""Wachtwoorden";"Patroon-herkenning"",""-- / 0"","""",""Veiliger"",""-- / 0"","""",""Minde betrouwbaar"",""-- / 0"","""",""Neutraal"",""-- / 0"","""",""Mee eens"",""-- / 0"","""",""2"",""-- / 0"","""",""Mee eens"",""-- / 0"",""Mee oneens"",""-- / 0"",""Mee eens"",""-- / 0"",""Mee eens"",""-- / 0"",""Neutraal"",""-- / 0"",""Neutraal"",""-- / 0"",""Mee oneens"",""-- / 0"",""Neutraal"",""-- / 0"",""Mee eens"",""-- / 0"",""Mee eens"",""-- / 0"",""Mee eens"",""-- / 0"",""Neutraal"",""-- / 0"",""Mee oneens"",""-- / 0"",""Mee eens"",""-- / 0"",""Neutraal"",""-- / 0"",""3"",""-- / 0"","""",""Mee eens"",""-- / 0"","""",""Het draagt bij aan de veiligheid van de samenleving";Het is een aanvulling op bestaande bewakingssystemen (zoals bewakingscamera's en andere);"Ik vertrouw er op dat ze de technologie op ethische wijze zullen gebruiken"",""-- / 0"","""",""Het maakt inbreuk op de privacy van mensen in de samenleving";Ik vertrouw er niet op dat ze de technologie op ethische wijze zullen gebruiken;"Het maakt inbreuk op mijn persoonlijke privacy"",""-- / 0"","""",""Ja"",""-- / 0"","""",""Mee eens"",""-- / 0"","""",""Mee eens"",""-- / 0"","""",""Mee eens"",""-- / 0"","""",""Neutraal"",""-- / 0"","""",""Ben ik van overtuigd"",""-- / 0"","""",""Het heeft geen invloed gehad op mijn oordeel"",""-- / 0"","""",""Ben ik van overtuigd"",""-- / 0"","""",""Enquete te lang"",""-- / 0"",""""";;;;;
253;"2019/11/01 8:30:29 pm CET,""0.00 / 0"",""18-30"",""-- / 0"","""",""Vrouw"",""-- / 0"","""",""Master (doctorandus) of gelijkwaardig"",""-- / 0"","""",""Nederland"",""-- / 0"","""",""Computerwetenschap & Informatietechnologie"",""-- / 0"","""",""Volledig"",""-- / 0"","""",""Gedrukte pers (kranten/tijdschriften)";Internet;Wetenschappelijke artikelen/rapporten;Gesprekken met anderen;"Klas op school/universiteit"",""-- / 0"","""",""Wachtwoorden";"Vingerafdruk"",""-- / 0"","""",""Sneller"",""-- / 0"","""",""Minde betrouwbaar"",""-- / 0"","""",""Neutraal"",""-- / 0"","""",""Volledig mee eens"",""-- / 0"","""",""4"",""-- / 0"","""",""Mee eens"",""-- / 0"",""Mee oneens"",""-- / 0"",""Neutraal"",""-- / 0"",""Mee oneens"",""-- / 0"",""Volledig mee oneens"",""-- / 0"",""Volledig mee oneens"",""-- / 0"",""Volledig mee oneens"",""-- / 0"",""Volledig mee oneens"",""-- / 0"",""Volledig mee oneens"",""-- / 0"",""Volledig mee oneens"",""-- / 0"",""Neutraal"",""-- / 0"",""Mee oneens"",""-- / 0"",""Volledig mee oneens"",""-- / 0"",""Volledig mee oneens"",""-- / 0"",""Volledig mee oneens"",""-- / 0"",""3"",""-- / 0"","""",""Neutraal"",""-- / 0"","""",""Het draagt bij aan de veiligheid van de samenleving";Het draagt bij aan mijn persoonlijke veiligheid;Het is een aanvulling op bestaande bewakingssystemen (zoals bewakingscamera's en andere);Ik vertrouw er op dat ze de technologie op ethische wijze zullen gebruiken;"Het is nauwkeurig"",""-- / 0"","""",""Het maakt inbreuk op de privacy van mensen in de samenleving";Ik kan er niet voor kiezen om toestemming te velenen of te weigeren;Het maakt inbreuk op mijn persoonlijke privacy;"Het kan worden gebruikt om te discrimineren naar bijvoorbeeld ras of geslacht"",""-- / 0"","""",""Ja"",""-- / 0"","""",""Mee oneens"",""-- / 0"","""",""Mee oneens"",""-- / 0"","""",""Mee oneens"",""-- / 0"","""",""Mee eens"",""-- / 0"","""",""Neutraal"",""-- / 0"","""",""Ik denk nu iets positiever over het gebruik van gezichtsherkennings-technologie"",""-- / 0"","""",""Ben ik sterk van overtuigd"",""-- / 0"","""","""",""-- / 0"","""""
254;"2019/11/01 11:39:15 pm CET,""0.00 / 0"",""18-30"",""-- / 0"","""",""Vrouw"",""-- / 0"","""",""Master (doctorandus) of gelijkwaardig"",""-- / 0"","""",""Nederland"",""-- / 0"","""",""Medicijnen & Gezondheidszorg & Maatschappelijke diensverlening"",""-- / 0"","""",""Enigszins"",""-- / 0"","""",""Internet"",""-- / 0"","""",""Patroon-herkenning";"Vingerafdruk"",""-- / 0"","""",""IK weet niet zeker"",""-- / 0"","""",""Minder veilig"",""-- / 0"","""",""Totaal onbekend"",""-- / 0"","""",""Neutraal"",""-- / 0"","""",""4"",""-- / 0"","""",""Mee eens"",""-- / 0"",""Volledig mee oneens"",""-- / 0"",""Mee oneens"",""-- / 0"",""Mee eens"",""-- / 0"",""Volledig mee oneens"",""-- / 0"",""Volledig mee oneens"",""-- / 0"",""Volledig mee oneens"",""-- / 0"",""Volledig mee oneens"",""-- / 0"",""Volledig mee oneens"",""-- / 0"",""Volledig mee oneens"",""-- / 0"",""Neutraal"",""-- / 0"",""Volledig mee oneens"",""-- / 0"",""Volledig mee oneens"",""-- / 0"",""Mee oneens"",""-- / 0"",""Volledig mee oneens"",""-- / 0"",""4"",""-- / 0"","""",""Mee eens"",""-- / 0"","""",""Het draagt bij aan de veiligheid van de samenleving";Het is een aanvulling op bestaande bewakingssystemen (zoals bewakingscamera's en andere);Ik vertrouw er op dat ze de technologie op ethische wijze zullen gebruiken;Het zal niet verkeerd worden gebruikt of gehackt;"Het discrimeert niet naar ras of geslacht"",""-- / 0"","""",""Het maakt inbreuk op de privacy van mensen in de samenleving";Ik kan er niet voor kiezen om toestemming te velenen of te weigeren;"Het maakt inbreuk op mijn persoonlijke privacy"",""-- / 0"","""",""Ik weet het niet zeker"",""-- / 0"","""",""Mee eens"",""-- / 0"","""",""Mee oneens"",""-- / 0"","""",""Mee eens"",""-- / 0"","""",""Mee eens"",""-- / 0"","""",""Neutraal"",""-- / 0"","""",""Het heeft geen invloed gehad op mijn oordeel"",""-- / 0"","""",""Ben ik van overtuigd"",""-- / 0"","""",""Bij vraag 25 miste ik de optie weet ik niet"",""-- / 0"",""""";;;;;
255;"2019/11/04 8:00:29 am CET,""0.00 / 0"",""51-60"",""-- / 0"","""",""Man"",""-- / 0"","""",""Master (doctorandus) of gelijkwaardig"",""-- / 0"","""",""Nederland"",""-- / 0"","""",""Onderneming & FInanciële Zaken & Verzekeringen"",""-- / 0"","""",""Volledig"",""-- / 0"","""",""Gedrukte pers (kranten/tijdschriften)";Internet;"Wetenschappelijke artikelen/rapporten"",""-- / 0"","""",""Wachtwoorden";"Vingerafdruk"",""-- / 0"","""",""Gemakkelijker"",""-- / 0"","""",""Langzamer"",""-- / 0"","""",""Enigszins bekend"",""-- / 0"","""",""Mee oneens"",""-- / 0"","""",""3"",""-- / 0"","""",""Volledig mee eens"",""-- / 0"",""Volledig mee eens"",""-- / 0"",""Volledig mee eens"",""-- / 0"",""Volledig mee eens"",""-- / 0"",""Volledig mee eens"",""-- / 0"",""Mee oneens"",""-- / 0"",""Volledig mee eens"",""-- / 0"",""Neutraal"",""-- / 0"",""Volledig mee eens"",""-- / 0"",""Volledig mee eens"",""-- / 0"",""Volledig mee eens"",""-- / 0"",""Volledig mee eens"",""-- / 0"",""Volledig mee oneens"",""-- / 0"",""Volledig mee eens"",""-- / 0"",""Volledig mee eens"",""-- / 0"",""1"",""-- / 0"","""",""Volledig mee eens"",""-- / 0"","""",""Het draagt bij aan de veiligheid van de samenleving";Het draagt bij aan mijn persoonlijke veiligheid;Het is een aanvulling op bestaande bewakingssystemen (zoals bewakingscamera's en andere);"Het discrimeert niet naar ras of geslacht"",""-- / 0"","""",""Het maakt inbreuk op de privacy van mensen in de samenleving"",""-- / 0"","""",""Ja"",""-- / 0"","""",""Volledig mee eens"",""-- / 0"","""",""Volledig mee eens"",""-- / 0"","""",""Volledig mee eens"",""-- / 0"","""",""Volledig mee eens"",""-- / 0"","""",""Neutraal"",""-- / 0"","""",""Ik denk nu iets positiever over het gebruik van gezichtsherkennings-technologie"",""-- / 0"","""",""Ben ik sterk van overtuigd"",""-- / 0"","""","""",""-- / 0"",""""";;;;;;
256;"2019/11/11 10:00:29 pm CET,""0.00 / 0"",""51-60"",""-- / 0"","""",""Man"",""-- / 0"","""",""Anders (specificeer) _________________________"",""-- / 0"","""",""Nederland"",""-- / 0"","""",""Wet & Juridische dienst"",""-- / 0"","""",""Enigszins"",""-- / 0"","""",""Gesprekken met anderen"",""-- / 0"","""",""Vingerafdruk"",""-- / 0"","""",""Sneller"",""-- / 0"","""",""Minder veilig"",""-- / 0"","""",""Totaal onbekend"",""-- / 0"","""",""Volledig mee eens"",""-- / 0"","""",""1"",""-- / 0"","""",""Mee eens"",""-- / 0"",""Mee eens"",""-- / 0"",""Mee eens"",""-- / 0"",""Mee eens"",""-- / 0"",""Volledig mee oneens"",""-- / 0"",""Volledig mee oneens"",""-- / 0"",""Mee oneens"",""-- / 0"",""Volledig mee oneens"",""-- / 0"",""Volledig mee eens"",""-- / 0"",""Volledig mee eens"",""-- / 0"",""Mee eens"",""-- / 0"",""Volledig mee eens"",""-- / 0"",""Volledig mee oneens"",""-- / 0"",""Mee eens"",""-- / 0"",""Volledig mee eens"",""-- / 0"",""1"",""-- / 0"","""",""Mee eens"",""-- / 0"","""",""Het draagt bij aan de veiligheid van de samenleving";"Ik vertrouw er op dat ze de technologie op ethische wijze zullen gebruiken"",""-- / 0"","""",""Het maakt inbreuk op de privacy van mensen in de samenleving";"Het maakt inbreuk op mijn persoonlijke privacy"",""-- / 0"","""",""Nee"",""-- / 0"","""",""Volledig mee eens"",""-- / 0"","""",""Neutraal"",""-- / 0"","""",""Neutraal"",""-- / 0"","""",""Volledig mee eens"",""-- / 0"","""",""Ben ik sterk van overtuigd"",""-- / 0"","""",""Het heeft geen invloed gehad op mijn oordeel"",""-- / 0"","""",""Ben ik sterk van overtuigd"",""-- / 0"","""",""Gezichtsherkenning is op de lange termijn jaar mijn mening een algemeen gebruik, met of zonder toestemming. Voorbeeld kentekenregistratie in parkeergarage. Vingerafdruk gemeentehuis om paspoort te verkrijgen."",""-- / 0"",""""";;;;;;;;;;